"Name","URL"
"Accidents Happen","https://en.uesp.net/wiki/Oblivion:Accidents_Happen"
"Acrobatics Training","https://en.uesp.net/wiki/Oblivion:Acrobatics_Training"
"Affairs of a Wizard","https://en.uesp.net/wiki/Oblivion:Affairs_of_a_Wizard"
"Ahdarji's Heirloom","https://en.uesp.net/wiki/Oblivion:Ahdarji%27s_Heirloom"
"Alchemy Acquisitions","https://en.uesp.net/wiki/Oblivion:Alchemy_Acquisitions"
"Alchemy Training","https://en.uesp.net/wiki/Oblivion:Alchemy_Training"
"Allies for Bruma","https://en.uesp.net/wiki/Oblivion:Allies_for_Bruma"
"Alteration Training","https://en.uesp.net/wiki/Oblivion:Alteration_Training"
"Ambush","https://en.uesp.net/wiki/Oblivion:Ambush"
"Amelion's Debt","https://en.uesp.net/wiki/Oblivion:Amelion%27s_Debt"
"Another Dark Exile","https://en.uesp.net/wiki/Oblivion:Another_Dark_Exile"
"Anvil Recommendation","https://en.uesp.net/wiki/Oblivion:Anvil_Recommendation"
"Arena (quest)","https://en.uesp.net/wiki/Oblivion:Arena_(quest)"
"Armorer Training","https://en.uesp.net/wiki/Oblivion:Armorer_Training"
"Arrow of Extrication","https://en.uesp.net/wiki/Oblivion:Arrow_of_Extrication"
"The Assassin's Gambit","https://en.uesp.net/wiki/Oblivion:The_Assassin%27s_Gambit"
"The Assassinated Man","https://en.uesp.net/wiki/Oblivion:The_Assassinated_Man"
"Athletics Training","https://en.uesp.net/wiki/Oblivion:Athletics_Training"
"Attack on Fort Sutch","https://en.uesp.net/wiki/Oblivion:Attack_on_Fort_Sutch"
"Azani Blackheart (quest)","https://en.uesp.net/wiki/Oblivion:Azani_Blackheart_(quest)"
"Azura","https://en.uesp.net/wiki/Oblivion:Azura"
"Bad Medicine","https://en.uesp.net/wiki/Oblivion:Bad_Medicine"
"The Battle for Castle Kvatch","https://en.uesp.net/wiki/Oblivion:The_Battle_for_Castle_Kvatch"
"Battlehorn Castle (quest)","https://en.uesp.net/wiki/Oblivion:Battlehorn_Castle_(quest)"
"Bear Season","https://en.uesp.net/wiki/Oblivion:Bear_Season"
"Bittneld and Emfrid","https://en.uesp.net/wiki/Oblivion:Bittneld_and_Emfrid"
"Black Bow Bandits","https://en.uesp.net/wiki/Oblivion:Black_Bow_Bandits"
"Blade Training","https://en.uesp.net/wiki/Oblivion:Blade_Training"
"Block Training","https://en.uesp.net/wiki/Oblivion:Block_Training"
"Blood of the Daedra","https://en.uesp.net/wiki/Oblivion:Blood_of_the_Daedra"
"Blood of the Damned","https://en.uesp.net/wiki/Oblivion:Blood_of_the_Damned"
"Blood of the Divines","https://en.uesp.net/wiki/Oblivion:Blood_of_the_Divines"
"The Bloodworm Helm","https://en.uesp.net/wiki/Oblivion:The_Bloodworm_Helm"
"Blunt Training","https://en.uesp.net/wiki/Oblivion:Blunt_Training"
"Boethia","https://en.uesp.net/wiki/Oblivion:Boethia"
"Boots of Springheel Jak","https://en.uesp.net/wiki/Oblivion:Boots_of_Springheel_Jak"
"Bravil Recommendation","https://en.uesp.net/wiki/Oblivion:Bravil_Recommendation"
"Breaking the Siege of Kvatch","https://en.uesp.net/wiki/Oblivion:Breaking_the_Siege_of_Kvatch"
"Broken Vows","https://en.uesp.net/wiki/Oblivion:Broken_Vows"
"A Brotherhood Betrayed","https://en.uesp.net/wiki/Oblivion:A_Brotherhood_Betrayed"
"Bruma Gate","https://en.uesp.net/wiki/Oblivion:Bruma_Gate"
"Bruma Recommendation","https://en.uesp.net/wiki/Oblivion:Bruma_Recommendation"
"A Brush with Death","https://en.uesp.net/wiki/Oblivion:A_Brush_with_Death"
"Burning Trail","https://en.uesp.net/wiki/Oblivion:Burning_Trail"
"Buy a house in the Imperial City","https://en.uesp.net/wiki/Oblivion:Buy_a_house_in_the_Imperial_City"
"Buying a house in Bravil","https://en.uesp.net/wiki/Oblivion:Buying_a_house_in_Bravil"
"Buying a house in Bruma","https://en.uesp.net/wiki/Oblivion:Buying_a_house_in_Bruma"
"Buying a house in Cheydinhal","https://en.uesp.net/wiki/Oblivion:Buying_a_house_in_Cheydinhal"
"Buying a house in Chorrol","https://en.uesp.net/wiki/Oblivion:Buying_a_house_in_Chorrol"
"Buying a house in Leyawiin","https://en.uesp.net/wiki/Oblivion:Buying_a_house_in_Leyawiin"
"Buying a house in Skingrad","https://en.uesp.net/wiki/Oblivion:Buying_a_house_in_Skingrad"
"Canvas the Castle","https://en.uesp.net/wiki/Oblivion:Canvas_the_Castle"
"Cast out of the Thieves Guild","https://en.uesp.net/wiki/Oblivion:Cast_out_of_the_Thieves_Guild"
"Caught in the Hunt","https://en.uesp.net/wiki/Oblivion:Caught_in_the_Hunt"
"Cheydinhal Recommendation","https://en.uesp.net/wiki/Oblivion:Cheydinhal_Recommendation"
"Clavicus Vile","https://en.uesp.net/wiki/Oblivion:Clavicus_Vile"
"The Coldest Sleep","https://en.uesp.net/wiki/Oblivion:The_Coldest_Sleep"
"The Collector","https://en.uesp.net/wiki/Oblivion:The_Collector"
"Confront the King","https://en.uesp.net/wiki/Oblivion:Confront_the_King"
"Conjuration Training","https://en.uesp.net/wiki/Oblivion:Conjuration_Training"
"Corruption and Conscience","https://en.uesp.net/wiki/Oblivion:Corruption_and_Conscience"
"The Crimson Cave","https://en.uesp.net/wiki/Oblivion:The_Crimson_Cave"
"Dagon Shrine","https://en.uesp.net/wiki/Oblivion:Dagon_Shrine"
"A Dark Exile","https://en.uesp.net/wiki/Oblivion:A_Dark_Exile"
"Darkness Eternal","https://en.uesp.net/wiki/Oblivion:Darkness_Eternal"
"The Dead Drop","https://en.uesp.net/wiki/Oblivion:The_Dead_Drop"
"Deepscorn Hollow (quest)","https://en.uesp.net/wiki/Oblivion:Deepscorn_Hollow_(quest)"
"Defense of Bruma","https://en.uesp.net/wiki/Oblivion:Defense_of_Bruma"
"Deliver the Amulet","https://en.uesp.net/wiki/Oblivion:Deliver_the_Amulet"
"Den of Thieves","https://en.uesp.net/wiki/Oblivion:Den_of_Thieves"
"The Desolate Mine","https://en.uesp.net/wiki/Oblivion:The_Desolate_Mine"
"Destruction Training","https://en.uesp.net/wiki/Oblivion:Destruction_Training"
"Drunk and Disorderly","https://en.uesp.net/wiki/Oblivion:Drunk_and_Disorderly"
"Dunbarrow Cove (quest)","https://en.uesp.net/wiki/Oblivion:Dunbarrow_Cove_(quest)"
"E3 Demo quest","https://en.uesp.net/wiki/Oblivion:E3_Demo_quest"
"The Elven Maiden","https://en.uesp.net/wiki/Oblivion:The_Elven_Maiden"
"Enter the Eliminator","https://en.uesp.net/wiki/Oblivion:Enter_the_Eliminator"
"Eternal Exile","https://en.uesp.net/wiki/Oblivion:Eternal_Exile"
"Expelled from the Fighters Guild","https://en.uesp.net/wiki/Oblivion:Expelled_from_the_Fighters_Guild"
"Final Justice","https://en.uesp.net/wiki/Oblivion:Final_Justice"
"Find the Heir","https://en.uesp.net/wiki/Oblivion:Find_the_Heir"
"Finding the Thieves Guild","https://en.uesp.net/wiki/Oblivion:Finding_the_Thieves_Guild"
"Fingers of the Mountain","https://en.uesp.net/wiki/Oblivion:Fingers_of_the_Mountain"
"Fingers of the Mountain, Part II","https://en.uesp.net/wiki/Oblivion:Fingers_of_the_Mountain,_Part_II"
"Following a Lead","https://en.uesp.net/wiki/Oblivion:Following_a_Lead"
"The Forlorn Watchman (quest)","https://en.uesp.net/wiki/Oblivion:The_Forlorn_Watchman_(quest)"
"Frostcrag Spire (quest)","https://en.uesp.net/wiki/Oblivion:Frostcrag_Spire_(quest)"
"The Fugitives","https://en.uesp.net/wiki/Oblivion:The_Fugitives"
"The Ghost Ship of Anvil","https://en.uesp.net/wiki/Oblivion:The_Ghost_Ship_of_Anvil"
"Go Fish","https://en.uesp.net/wiki/Oblivion:Go_Fish"
"Goblin Trouble","https://en.uesp.net/wiki/Oblivion:Goblin_Trouble"
"The Gravefinder's Repose","https://en.uesp.net/wiki/Oblivion:The_Gravefinder%27s_Repose"
"Great Gate","https://en.uesp.net/wiki/Oblivion:Great_Gate"
"Hand to Hand Training","https://en.uesp.net/wiki/Oblivion:Hand_to_Hand_Training"
"Heavy Armor Training","https://en.uesp.net/wiki/Oblivion:Heavy_Armor_Training"
"Helping Hands","https://en.uesp.net/wiki/Oblivion:Helping_Hands"
"Hermaeus Mora","https://en.uesp.net/wiki/Oblivion:Hermaeus_Mora"
"Hircine","https://en.uesp.net/wiki/Oblivion:Hircine"
"The Hist","https://en.uesp.net/wiki/Oblivion:The_Hist"
"Honor Thy Mother","https://en.uesp.net/wiki/Oblivion:Honor_Thy_Mother"
"The Horror of Dive Rock","https://en.uesp.net/wiki/Oblivion:The_Horror_of_Dive_Rock"
"Horse Armor (quest)","https://en.uesp.net/wiki/Oblivion:Horse_Armor_(quest)"
"Illegal Cargo","https://en.uesp.net/wiki/Oblivion:Illegal_Cargo"
"Illusion Training","https://en.uesp.net/wiki/Oblivion:Illusion_Training"
"Imperial Corruption","https://en.uesp.net/wiki/Oblivion:Imperial_Corruption"
"Imperial Dragon Armor","https://en.uesp.net/wiki/Oblivion:Imperial_Dragon_Armor"
"Independent Thievery","https://en.uesp.net/wiki/Oblivion:Independent_Thievery"
"Infiltration","https://en.uesp.net/wiki/Oblivion:Infiltration"
"Information at a Price","https://en.uesp.net/wiki/Oblivion:Information_at_a_Price"
"Information Gathering","https://en.uesp.net/wiki/Oblivion:Information_Gathering"
"Join the Fighters Guild","https://en.uesp.net/wiki/Oblivion:Join_the_Fighters_Guild"
"Join the Mages Guild","https://en.uesp.net/wiki/Oblivion:Join_the_Mages_Guild"
"The Killing Field","https://en.uesp.net/wiki/Oblivion:The_Killing_Field"
"A Kiss Before Dying","https://en.uesp.net/wiki/Oblivion:A_Kiss_Before_Dying"
"A Knife in the Dark","https://en.uesp.net/wiki/Oblivion:A_Knife_in_the_Dark"
"Knights of the White Stallion (quest)","https://en.uesp.net/wiki/Oblivion:Knights_of_the_White_Stallion_(quest)"
"Legacy Lost","https://en.uesp.net/wiki/Oblivion:Legacy_Lost"
"Leveled Item Quests","https://en.uesp.net/wiki/Oblivion:Leveled_Item_Quests"
"Leyawiin Recommendation","https://en.uesp.net/wiki/Oblivion:Leyawiin_Recommendation"
"Liberation or Apprehension?","https://en.uesp.net/wiki/Oblivion:Liberation_or_Apprehension%3F"
"Lich of Lost Boy Cavern","https://en.uesp.net/wiki/Oblivion:Lich_of_Lost_Boy_Cavern"
"Lifting the Vale","https://en.uesp.net/wiki/Oblivion:Lifting_the_Vale"
"Light Armor Training","https://en.uesp.net/wiki/Oblivion:Light_Armor_Training"
"Light the Dragonfires","https://en.uesp.net/wiki/Oblivion:Light_the_Dragonfires"
"The Lonely Wanderer","https://en.uesp.net/wiki/Oblivion:The_Lonely_Wanderer"
"Lost Histories","https://en.uesp.net/wiki/Oblivion:Lost_Histories"
"A Mage's Staff","https://en.uesp.net/wiki/Oblivion:A_Mage%27s_Staff"
"Mages Guild Second Suspension","https://en.uesp.net/wiki/Oblivion:Mages_Guild_Second_Suspension"
"Mages Guild Suspension","https://en.uesp.net/wiki/Oblivion:Mages_Guild_Suspension"
"Malacath","https://en.uesp.net/wiki/Oblivion:Malacath"
"Marksman Training","https://en.uesp.net/wiki/Oblivion:Marksman_Training"
"The Master's Son","https://en.uesp.net/wiki/Oblivion:The_Master%27s_Son"
"A Matter of Honor","https://en.uesp.net/wiki/Oblivion:A_Matter_of_Honor"
"May the Best Thief Win","https://en.uesp.net/wiki/Oblivion:May_the_Best_Thief_Win"
"Mazoga the Orc (quest)","https://en.uesp.net/wiki/Oblivion:Mazoga_the_Orc_(quest)"
"Mephala","https://en.uesp.net/wiki/Oblivion:Mephala"
"Mercantile Training","https://en.uesp.net/wiki/Oblivion:Mercantile_Training"
"Meridia","https://en.uesp.net/wiki/Oblivion:Meridia"
"Miscarcand (quest)","https://en.uesp.net/wiki/Oblivion:Miscarcand_(quest)"
"Misdirection","https://en.uesp.net/wiki/Oblivion:Misdirection"
"Molag Bal","https://en.uesp.net/wiki/Oblivion:Molag_Bal"
"More Unfinished Business","https://en.uesp.net/wiki/Oblivion:More_Unfinished_Business"
"My Brother's Keeper","https://en.uesp.net/wiki/Oblivion:My_Brother%27s_Keeper"
"Mystery at Harlun's Watch","https://en.uesp.net/wiki/Oblivion:Mystery_at_Harlun%27s_Watch"
"Mysticism Training","https://en.uesp.net/wiki/Oblivion:Mysticism_Training"
"Namira","https://en.uesp.net/wiki/Oblivion:Namira"
"The Necromancer's Amulet","https://en.uesp.net/wiki/Oblivion:The_Necromancer%27s_Amulet"
"Necromancer's Moon","https://en.uesp.net/wiki/Oblivion:Necromancer%27s_Moon"
"Newheim's Flagon","https://en.uesp.net/wiki/Oblivion:Newheim%27s_Flagon"
"Next of Kin","https://en.uesp.net/wiki/Oblivion:Next_of_Kin"
"The Night Mother's Child","https://en.uesp.net/wiki/Oblivion:The_Night_Mother%27s_Child"
"No Rest for the Wicked","https://en.uesp.net/wiki/Oblivion:No_Rest_for_the_Wicked"
"No Stone Unturned","https://en.uesp.net/wiki/Oblivion:No_Stone_Unturned"
"The Noble's Daughter","https://en.uesp.net/wiki/Oblivion:The_Noble%27s_Daughter"
"Nocturnal","https://en.uesp.net/wiki/Oblivion:Nocturnal"
"Nothing You Can Possess","https://en.uesp.net/wiki/Oblivion:Nothing_You_Can_Possess"
"Of Secret And Shadow","https://en.uesp.net/wiki/Oblivion:Of_Secret_And_Shadow"
"Order of the Virtuous Blood (quest)","https://en.uesp.net/wiki/Oblivion:Order_of_the_Virtuous_Blood_(quest)"
"Origin of the Gray Prince","https://en.uesp.net/wiki/Oblivion:Origin_of_the_Gray_Prince"
"Paradise","https://en.uesp.net/wiki/Oblivion:Paradise"
"Paranoia","https://en.uesp.net/wiki/Oblivion:Paranoia"
"The Path of Dawn","https://en.uesp.net/wiki/Oblivion:The_Path_of_Dawn"
"Permanent Retirement","https://en.uesp.net/wiki/Oblivion:Permanent_Retirement"
"Peryite","https://en.uesp.net/wiki/Oblivion:Peryite"
"A Plot Revealed","https://en.uesp.net/wiki/Oblivion:A_Plot_Revealed"
"The Potato Snatcher","https://en.uesp.net/wiki/Oblivion:The_Potato_Snatcher"
"The Purification","https://en.uesp.net/wiki/Oblivion:The_Purification"
"Raid on Greyland","https://en.uesp.net/wiki/Oblivion:Raid_on_Greyland"
"A Rat Problem","https://en.uesp.net/wiki/Oblivion:A_Rat_Problem"
"The Renegade Shadowscale","https://en.uesp.net/wiki/Oblivion:The_Renegade_Shadowscale"
"Repairing the Orrery","https://en.uesp.net/wiki/Oblivion:Repairing_the_Orrery"
"Restoration Training","https://en.uesp.net/wiki/Oblivion:Restoration_Training"
"Revenge Served Cold","https://en.uesp.net/wiki/Oblivion:Revenge_Served_Cold"
"A Ring of Keys","https://en.uesp.net/wiki/Oblivion:A_Ring_of_Keys"
"The Rosethorn Cache","https://en.uesp.net/wiki/Oblivion:The_Rosethorn_Cache"
"Sanguine","https://en.uesp.net/wiki/Oblivion:Sanguine"
"Saving Time Itself","https://en.uesp.net/wiki/Oblivion:Saving_Time_Itself"
"Scheduled for Execution","https://en.uesp.net/wiki/Oblivion:Scheduled_for_Execution"
"Secrets of the Ayleids","https://en.uesp.net/wiki/Oblivion:Secrets_of_the_Ayleids"
"Security Training","https://en.uesp.net/wiki/Oblivion:Security_Training"
"Seeking Your Roots","https://en.uesp.net/wiki/Oblivion:Seeking_Your_Roots"
"Separated at Birth","https://en.uesp.net/wiki/Oblivion:Separated_at_Birth"
"A Shadow Over Hackdirt","https://en.uesp.net/wiki/Oblivion:A_Shadow_Over_Hackdirt"
"Sheogorath","https://en.uesp.net/wiki/Oblivion:Sheogorath"
"Sins of the Father","https://en.uesp.net/wiki/Oblivion:Sins_of_the_Father"
"The Siren's Deception","https://en.uesp.net/wiki/Oblivion:The_Siren%27s_Deception"
"Skingrad Recommendation","https://en.uesp.net/wiki/Oblivion:Skingrad_Recommendation"
"Sneak Training","https://en.uesp.net/wiki/Oblivion:Sneak_Training"
"Speechcraft Training","https://en.uesp.net/wiki/Oblivion:Speechcraft_Training"
"Spies","https://en.uesp.net/wiki/Oblivion:Spies"
"The Stone of St. Alessia","https://en.uesp.net/wiki/Oblivion:The_Stone_of_St._Alessia"
"The Sunken One (quest)","https://en.uesp.net/wiki/Oblivion:The_Sunken_One_(quest)"
"Taking Care of Lex","https://en.uesp.net/wiki/Oblivion:Taking_Care_of_Lex"
"Tears of the Savior","https://en.uesp.net/wiki/Oblivion:Tears_of_the_Savior"
"Through A Nightmare, Darkly","https://en.uesp.net/wiki/Oblivion:Through_A_Nightmare,_Darkly"
"To Serve Sithis","https://en.uesp.net/wiki/Oblivion:To_Serve_Sithis"
"Trolls of Forsaken Mine","https://en.uesp.net/wiki/Oblivion:Trolls_of_Forsaken_Mine"
"Turning a Blind Eye","https://en.uesp.net/wiki/Oblivion:Turning_a_Blind_Eye"
"Tutorial","https://en.uesp.net/wiki/Oblivion:Tutorial"
"Two Sides of the Coin","https://en.uesp.net/wiki/Oblivion:Two_Sides_of_the_Coin"
"Ulterior Motives","https://en.uesp.net/wiki/Oblivion:Ulterior_Motives"
"The Ultimate Heist","https://en.uesp.net/wiki/Oblivion:The_Ultimate_Heist"
"The Unbeaten Path","https://en.uesp.net/wiki/Oblivion:The_Unbeaten_Path"
"Unearthing Mehrunes Razor","https://en.uesp.net/wiki/Oblivion:Unearthing_Mehrunes_Razor"
"An Unexpected Voyage","https://en.uesp.net/wiki/Oblivion:An_Unexpected_Voyage"
"Unfinished Business","https://en.uesp.net/wiki/Oblivion:Unfinished_Business"
"The Unfortunate Shopkeeper","https://en.uesp.net/wiki/Oblivion:The_Unfortunate_Shopkeeper"
"Unfriendly Competition","https://en.uesp.net/wiki/Oblivion:Unfriendly_Competition"
"Untaxing the Poor","https://en.uesp.net/wiki/Oblivion:Untaxing_the_Poor"
"Unwanted Tenants","https://en.uesp.net/wiki/Oblivion:Unwanted_Tenants"
"Vaermina","https://en.uesp.net/wiki/Oblivion:Vaermina"
"Vahtacen's Secret","https://en.uesp.net/wiki/Oblivion:Vahtacen%27s_Secret"
"Vampire Cure","https://en.uesp.net/wiki/Oblivion:Vampire_Cure"
"A Venerable Vintage","https://en.uesp.net/wiki/Oblivion:A_Venerable_Vintage"
"The Wandering Scholar","https://en.uesp.net/wiki/Oblivion:The_Wandering_Scholar"
"A Watery Grave","https://en.uesp.net/wiki/Oblivion:A_Watery_Grave"
"The Wayward Knight","https://en.uesp.net/wiki/Oblivion:The_Wayward_Knight"
"Welcome to the Family","https://en.uesp.net/wiki/Oblivion:Welcome_to_the_Family"
"Weynon Priory (quest)","https://en.uesp.net/wiki/Oblivion:Weynon_Priory_(quest)"
"When the Vow Breaks","https://en.uesp.net/wiki/Oblivion:When_the_Vow_Breaks"
"Where Spirits Have Lease","https://en.uesp.net/wiki/Oblivion:Where_Spirits_Have_Lease"
"Whispers of Death","https://en.uesp.net/wiki/Oblivion:Whispers_of_Death"
"Whodunit?","https://en.uesp.net/wiki/Oblivion:Whodunit%3F"
"Whom Gods Annoy","https://en.uesp.net/wiki/Oblivion:Whom_Gods_Annoy"
"A Wound In Time","https://en.uesp.net/wiki/Oblivion:A_Wound_In_Time"
"Zero Visibility","https://en.uesp.net/wiki/Oblivion:Zero_Visibility"
